day,account,platform,format,asset_or_script,caption,hashtags,status
L,@cavecals,TikTok + Reels,video,video/cave-cals-promo-9x16.mp4,"Me eat. App count. 🍖 The calorie tracker so simple, a caveman uses it. Free on iPhone.",#cavecals #calorietracking #iphoneapps,ready
L,@cavecals,TikTok + Reels,founder video,03 E1 (film),I built a calorie app because I kept quitting the others. Roast it in the comments 👇,#buildinpublic #indiedev #calorietracking,to film
L,@[trainer],TikTok + Reels,talking head,03 A1 (cue card),Tracking doesn't have to be a second job. What's your biggest struggle with logging food? 👇,#personaltrainer #caloriedeficit #fitnesstips,to film
L,@cavecals,Instagram,carousel,social/carousels/app-you-dont-hate/,POV: you found a calorie app you don't hate. Save this for Monday. 🍖,#caloriecounting #macrotracking #cavecals,ready
L+1,@cavecals,TikTok + Reels,clip,video/zog-says/me-eat-app-count.mp4,Zog explain whole app in 4 words.,#cavecals #meeatappcount #caloriecounting,ready
L+1,@[faceless],TikTok photo mode,carousel,social/carousels/5-ways-no-typing/,5 ways to log food without typing. Which one would you use? 👇,#calorietracking #lifehacks #highprotein,ready
L+2,@cavecals,TikTok + Reels,screen demo,03 C2 (record),Type 'pizza 300.' That's the log. 🍕,#calorietracking #cico #appsyouneed,to film
L+2,@[trainer],TikTok + Reels,talking head,03 A2 (cue card),Save this for your next grocery run. How much protein are you actually eating?,#protein #highprotein #fitnesstips,to film
L+2,@[faceless],TikTok + Reels,slideshow video,video/carousels/stopped-doing-9x16.mp4,Things I stopped doing that made calorie tracking stick. #3 was the big one.,#caloriedeficit #cico #weightlossjourney,ready
L+3,@cavecals,TikTok + Reels,skit,03 B2 Zog vs barcode (film),Stripes... have... numbers?! Barcode scanning. Free. Like fire. 🔥,#cavecals #caveman #calorietracking,to film
L+3,@cavecals,Instagram,carousel,social/carousels/zogs-rules/,Zog's rules of calorie tracking. Rule 2 is the one nobody follows.,#cavecals #caloriecounting #macros,ready
L+4,@cavecals,TikTok + Reels,screen demo,03 C6 (record),It learned my breakfast. I never typed it. 🤯,#iphoneapps #calorietracking #mealprep,to film
L+4,@[trainer],Instagram,carousel,social/carousels/coach-weekly-recap/,How my clients send me their week (and why I stopped asking for screenshots). Coach code in bio.,#onlinecoach #personaltrainer #accountability,ready
L+4,@[faceless],TikTok + Reels,clip,video/zog-says/barcode-free.mp4,Why do calorie apps charge to scan a barcode? 🤔,#calorietracking #cavecals #budgethacks,ready
L+5,@cavecals,TikTok + Reels,founder video,03 E2 (film),Day 1 of posting until my app makes $10k/month. Follow along.,#buildinpublic #indiehacker #appdev,to film
L+5,@[faceless],TikTok + Reels,slideshow video,video/carousels/5-ways-no-typing-9x16.mp4,The laziest ways to track calories. Ranked by laziness.,#lazyhacks #calorietracking #lifehacks,ready
L+6,@cavecals,TikTok + Reels,skit,03 B4 fridge Zog (film),POV: the caveman in your calorie app at 11pm. 🌙,#cavecals #caveman #relatable,to film
L+6,@[trainer],TikTok + Reels,talking head,03 A4 (cue card),Share with someone who panics every morning. ⚖️,#scalevictory #weightloss #fitnesstips,to film
L+6,@cavecals,TikTok + Reels,clip,video/zog-says/day-done.mp4,Day done. Cave closed. 🔥 Who else needs a 'kitchen closed' button?,#cavecals #nightsnacking #calorietracking,ready
L+7,@cavecals,TikTok + Reels,remake,Remake week 1's #1 video with a new hook,(new hook from 03 hook bank),(match the winner),decide
L+7,@[faceless],TikTok + Reels,slideshow video,video/carousels/app-you-dont-hate-9x16.mp4,POV: you finally found a calorie app you don't hate.,#calorietracking #iphoneapps #cavecals,ready
L+8,@cavecals,TikTok + Reels,screen demo,03 C4 snap your plate (record),Snap. Review. Log. (You always get to fix the estimate.) 📸,#aiapps #calorietracking #mealprep,to film
L+8,@[trainer],TikTok + Reels,talking head,03 A3 (cue card),Weekend = 2/7 of your week. 🍩,#weightlosstips #weekend #caloriedeficit,to film
L+9,@cavecals,TikTok + Reels,clip,video/zog-says/close-enough.mp4,Close enough good. Perfect make you quit. — Zog,#cavecals #mindset #calorietracking,ready
L+9,@[trainer],TikTok + Reels,talking head,03 A7 (cue card),Three 'protein' foods that are mostly not protein. Did any surprise you?,#protein #nutritiontips #highprotein,to film
L+10,@cavecals,TikTok + Reels,screen demo,03 C5 voice log (record),I told my phone what I ate and it did the math. 🎙️,#aiapps #calorietracking #lazyhacks,to film
L+10,@[faceless],TikTok + Reels,clip,video/zog-says/protein-first.mp4,Protein first. Drumstick good. 🍗,#protein #cavecals #highprotein,ready
L+11,@[trainer],TikTok + Reels,talking head,03 A9 (cue card),Hands full. Log done. 💪,#gymtok #lifehacks #siri,to film
L+11,@cavecals,TikTok + Reels,skit,03 B6 Zog says it (film),Zog not type. Zog TALK.,#cavecals #caveman #calorietracking,to film
L+12,@cavecals,TikTok + Reels,clip,video/zog-says/same-breakfast.mp4,Same breakfast every day? Same. One tap.,#mealprep #routine #cavecals,ready
L+13,@cavecals,TikTok + Reels,reply videos,Video replies to the 2 best comments,(reply to the comment),(match the topic),decide
L+13,@[trainer],TikTok + Reels,talking head,03 A11 (cue card),The weigh-in routine I give every client. Boring works.,#weighin #personaltrainer #weightlossjourney,to film
L+14,@cavecals,All,review,Week-2 review: kill formats under the median; make 5 variations of the top video,,,decide
